ID,Descriçãodosalimentos,Energia,Prot.(A),Prot.(V),Gordura,Carbo,Fibra,Sódio
1,"Abacate,cru",96.15,0.00,1.24,8.40,6.03,6.31,0.000
2,"Abacaxi,cru",48.32,0.00,0.86,0.12,12.33,0.99,0.000
3,"Abacaxi,polpa,congelada",30.59,0.00,0.47,0.11,7.80,0.33,1.236
4,"Abadejo,filé,congelado,assado",111.62,23.53,0.00,1.24,0.00,0.00,334.391
5,"Abadejo,filé,congelado,grelhado",129.64,27.61,0.00,1.30,0.00,0.00,305.094
6,"Abadejo,filé,congelado,cozido",91.10,19.35,0.00,0.94,0.00,0.00,189.338
7,"Abiu,cru",62.42,0.83,0.00,0.70,14.93,1.70,0.000
8,"Abóbora,cabotian,cozida",48.04,0.00,1.44,0.73,10.76,2.46,1.452
9,"Abóbora,moranga,refogada",29.00,0.00,0.39,0.80,5.98,1.55,3.028
10,"Abóbora,pescoço,crua",24.47,0.00,0.67,0.12,6.12,2.30,0.745
11,"Abobrinha,italiana,cozida",15.04,0.00,1.13,0.20,2.98,1.59,0.833
12,"Abobrinha,italiana,crua",19.28,0.00,1.14,0.14,4.29,1.35,0.000
13,"Abobrinha,italiana,refogada",24.43,0.00,1.07,0.82,4.19,1.38,2.209
14,"Abobrinha,paulista,crua",30.81,0.00,0.64,0.14,7.87,2.61,0.501
15,"Açaí,polpa,comxaropedeguaranáeglucose",110.30,0.00,0.72,3.66,21.46,1.72,15.099
16,"Açaí,polpa,congelada",58.05,0.00,0.80,3.94,6.21,2.55,5.177
17,Acarajé,289.21,8.35,0.00,19.93,19.11,9.36,304.889
18,"Acelga,crua",20.94,0.00,1.44,0.11,4.63,1.12,1.181
19,"Acerola,crua",33.46,0.00,0.91,0.21,7.97,1.51,0.000
20,"Acerola,polpa,congelada",21.94,0.00,0.59,0.00,5.54,0.70,1.280
21,"Achocolatado,pó",401.02,4.20,0.00,2.17,91.18,3.89,64.787
22,"Açúcar,cristal",386.85,0.00,0.32,0.00,99.61,0.00,0.000
23,"Açúcar,mascavo",368.55,0.00,0.76,0.09,94.45,0.00,25.204
24,"Açúcar,refinado",386.57,0.00,0.32,0.00,99.54,0.00,12.160
25,"Agrião,cru",16.58,0.00,2.69,0.24,2.25,2.14,7.462
26,"Aipo,cru",19.09,0.00,0.76,0.07,4.27,0.96,9.516
27,"Alface,americana,crua",8.79,0.00,0.61,0.13,1.75,1.02,7.308
28,"Alface,crespa,crua",10.68,0.00,1.35,0.16,1.70,1.83,3.380
29,"Alface,lisa,crua",13.82,0.00,1.69,0.12,2.43,2.33,4.233
30,"Alface,roxa,crua",12.72,0.00,0.91,0.19,2.49,2.01,7.124
31,"Alfavaca,crua",29.18,0.00,2.66,0.48,5.24,4.14,4.550
32,"Alho,cru",113.13,0.00,7.01,0.22,23.91,4.32,5.360
33,"Alho-poró,cru",31.51,0.00,1.41,0.14,6.88,2.51,1.762
34,"Almeirão,cru",18.03,0.00,1.77,0.22,3.34,2.59,2.351
35,"Almeirão,refogado",65.08,0.00,1.70,4.85,5.70,3.43,14.515
36,"Ameixa,calda,enlatada",182.85,0.00,0.41,0.00,46.89,0.52,2.704
37,"Ameixa,crua",52.54,0.00,0.77,0.00,13.85,2.43,0.000
38,"Ameixa,emcalda,enlatada,drenada",177.36,0.00,1.03,0.28,47.66,4.55,2.790
39,"Amêndoa,torrada,salgada",580.75,0.00,18.55,47.32,29.55,11.64,278.523
40,AmendoimDuRio,544.05,0.00,26.00,49.33,7.33,8.67,0.000
41,AmendoimGranfino,544.05,0.00,30.00,41.33,10.00,3.33,0.000
42,"Amendoim,grão,cru",544.05,0.00,27.19,43.85,20.31,8.04,0.000
43,"Amendoim,torrado,salgado",605.78,0.00,22.48,53.96,18.70,7.76,375.733
44,Apresuntado,128.86,13.45,0.00,6.69,2.86,0.00,942.933
45,Arrozcarreteiro,153.77,10.83,0.00,7.12,11.58,1.50,1621.728
46,"Arroz,integral,cozido",123.53,0.00,2.59,1.00,25.81,2.75,1.245
47,"Arroz,tipo1,cozido",128.26,0.00,2.52,0.23,28.06,1.56,1.201
48,"Arroz,tipo2,cozido",130.12,0.00,2.57,0.36,28.19,1.07,1.960
49,"Atemóia,crua",96.97,0.00,0.97,0.30,25.33,2.14,0.785
50,"Atum,conservaemóleo",165.91,26.19,0.00,6.00,0.00,0.00,362.147
51,"Atum,fresco,cru",117.50,25.68,0.00,0.87,0.00,0.00,30.303
52,AveiaemFlocosNestle,393.82,0.00,15.31,7.66,53.28,9.70,0.000
53,AveiaemFlocosQuaker,393.82,0.00,14.30,7.30,56.60,9.70,0.000
54,"Aveia,flocos,crua",393.82,0.00,13.92,8.50,66.64,9.13,4.627
55,"Azeite,dedendê",884.00,0.00,0.00,100.00,0.00,0.00,0.000
56,"Azeite,deoliva,extravirgem",884.00,0.00,0.00,100.00,0.00,0.00,0.000
57,"Azeitona,preta,conserva",194.15,0.00,1.16,20.35,5.54,4.56,1566.661
58,"Azeitona,verde,conserva",136.94,0.00,0.95,14.22,4.10,3.85,1347.178
59,"Bacalhau,salgado,cru",135.89,29.04,0.00,1.32,0.00,0.00,13585.057
60,"Bacalhau,salgado,refogado",139.66,23.98,0.00,3.61,1.22,0,1256.277
61,"BacardiBigApple(1dose,42g)",0.00,0.00,0.00,8.60,4.20,0.00,0.000
62,Bacon,0.00,18.00,0.00,30.00,0.00,0.00,0.000
63,"Baiãodedois,arrozefeijão-de-corda",135.68,0.00,6.24,3.23,20.42,5.07,93.300
64,"Banana,daterra,crua",128.02,0.00,1.43,0.24,33.67,1.53,0.000
65,"Banana,doceembarra",280.11,0.00,2.17,0.05,75.67,3.83,9.882
66,"Banana,figo,crua",105.08,0.00,1.13,0.14,27.80,2.80,0.000
67,"Banana,maçã,crua",86.81,0.00,1.75,0.06,22.34,2.59,0.000
68,"Banana,nanica,crua",91.53,0.00,1.40,0.12,23.85,1.95,0.000
69,"Banana,ouro,crua",112.37,0.00,1.48,0.21,29.34,1.95,0.000
70,"Banana,pacova,crua",77.91,0.00,1.23,0.08,20.31,2.03,0.939
71,"Banana,prata,crua",98.25,0.00,1.27,0.07,25.96,2.04,0.000
72,Barreado,164.98,18.27,0.00,9.53,0.24,0.15,47.627
73,BatataDoceCozida,0.00,0.00,2.01,0.15,20.71,3.30,0.000
74,BatataDoceCrua,0.00,0.00,1.57,0.05,20.12,3.00,0.000
75,BatataInglesaCozida,0.00,0.00,1.71,0.10,20.01,1.80,0.000
76,BatataInglesaCrua,0.00,0.00,2.57,0.10,12.44,2.50,0.000
77,BatataPalha,0.00,0.00,5.20,40.00,48.00,0.00,0.000
78,"Batata,baroa,cozida",80.12,0.00,0.85,0.17,18.95,1.76,2.098
79,"Batata,baroa,crua",100.98,0.00,1.05,0.17,23.98,2.06,0.000
80,"Batata,doce,cozida",76.76,0.00,0.64,0.09,18.42,2.21,2.699
81,"Batata,doce,crua",118.24,0.00,1.26,0.13,28.20,2.57,8.773
82,"Batata,frita,tipochips,industrializada",542.73,0.00,5.58,36.62,51.22,2.46,607.399
83,"Batata,inglesa,cozida",51.59,0.00,1.16,0.00,11.94,1.34,2.294
84,"Batata,inglesa,crua",64.37,0.00,1.77,0.00,14.69,1.16,0.000
85,"Batata,inglesa,frita",267.16,0.00,4.97,13.11,35.64,8.06,1.913
86,"Batata,inglesa,sauté",67.89,0.00,1.29,0.90,14.09,1.38,8.182
87,"Bebidaisotônica,saboresvariados",25.61,0.00,0.00,0.00,6.40,0.00,44.083
88,"Bebidaláctea,pêssego",55.16,0.00,2.13,1.91,7.57,0.29,46.263
89,BerinjelaCozida,0.00,0.00,0.83,0.23,8.73,2.50,0.000
90,BerinjelaCrua,0.00,0.00,1.00,0.20,5.70,3.40,0.000
91,"Berinjela,cozida",18.85,0.00,0.68,0.15,4.47,2.52,1.325
92,"Berinjela,crua",19.63,0.00,1.22,0.10,4.43,2.87,0.000
93,"Beterraba,cozida",32.15,0.00,1.29,0.09,7.23,1.88,22.762
94,"Beterraba,crua",48.83,0.00,1.95,0.09,11.11,3.37,9.720
95,"Bifeàcavalo,comcontrafilé",291.23,23.66,0.00,21.15,0.00,0.00,82.875
96,BisLimão(unidade),0.00,0.00,0.30,1.52,4.00,0.00,0.000
97,Biscoitodemaizena,0.00,6.67,0.00,10.00,70.00,2.00,0.000
98,BiscoitoNesfit,452,0.0,10.3,12.3,70.0,5.0,0.000
99,"Biscoito,doce,maisena",442.82,0.00,8.07,11.97,75.23,2.10,352.027
100,"Biscoito,doce,recheadocomchocolate",471.82,0.00,6.40,19.58,70.55,2.96,239.200
101,"Biscoito,doce,recheadocommorango",471.17,0.00,5.72,19.57,71.01,1.53,229.817
102,"Biscoito,doce,wafer,recheadodechocolate",502.46,0.00,5.56,24.67,67.54,1.80,137.240
103,"Biscoito,doce,wafer,recheadodemorango",513.45,0.00,4.52,26.40,67.35,0.82,119.900
104,"Biscoito,polvilhodoce",437.55,0.00,1.29,12.25,80.54,1.16,97.801
105,"Biscoito,salgado,creamcracker",431.73,0.00,10.06,14.44,68.73,2.51,854.357
106,Bolinhodearroz,273.51,0.00,8.04,8.29,41.68,2.74,58.857
107,BolodeChocolate,0.00,5.00,0.00,16.00,52.00,1.00,0.000
108,"Bolo,misturapara",418.63,6.16,0.00,6.13,84.71,1.70,462.880
109,"Bolo,pronto,aipim",323.85,4.42,0.00,12.75,47.86,0.69,111.008
110,"Bolo,pronto,chocolate",410.01,6.22,0.00,18.47,54.72,1.43,283.300
111,"Bolo,pronto,coco",333.44,5.67,0.00,11.30,52.28,1.06,190.339
112,"Bolo,pronto,milho",311.39,4.80,0.00,12.42,45.11,0.71,133.811
113,"Brócolis,cozido",24.64,0.00,2.13,0.46,4.37,3.42,2.122
114,"Brócolis,cru",25.50,0.00,3.64,0.27,4.03,2.88,3.333
115,"Cação,posta,comfarinhadetrigo,frita",208.33,24.95,0.00,9.95,3.10,0.54,160.032
116,"Cação,posta,cozida",116.01,25.59,0.00,0.75,0.00,0.00,114.905
117,"Cação,posta,crua",83.33,17.85,0.00,0.79,0.00,0.00,176.024
118,"Cacau,cru",74.29,0.00,0.95,0.14,19.41,2.19,0.700
119,CachorroQuente(unidade),0.00,10.40,0.00,14.50,18.30,0.00,0.000
120,CachorroQuentePeq.(unidade),0.00,4.50,1.40,8.40,19.50,1.10,0.000
121,"Café,infusão10%",9.07,0.00,0.71,0.07,1.48,0.00,1.027
122,"Café,pó,torrado",418.62,0.00,14.70,11.95,65.75,51.23,1.133
123,"Cajá,polpa,congelada",26.33,0.00,0.59,0.17,6.37,1.36,6.945
124,"Cajá-Manga,cru",45.58,0.00,1.28,0.00,11.43,2.58,1.439
125,"Caju,cru",43.07,0.00,0.97,0.33,10.29,1.68,2.967
126,"Caju,polpa,congelada",36.57,0.00,0.48,0.15,9.35,0.81,4.162
127,"Caju,sucoconcentrado,envasado",45.11,0.00,0.40,0.20,10.73,0.63,45.044
128,Calabresa,0.00,18.00,0.00,28.00,1.80,0.00,0.000
129,"Caldodecarne,tablete",240.62,7.82,0.00,16.57,15.05,0.58,22179.667
130,"Caldodegalinha,tablete",251.45,6.28,0.00,20.42,10.65,11.81,22299.900
131,CaldoVerde,0.00,1.56,0.00,1.54,6.49,1.10,0.000
132,Camarãoàbaiana,100.78,7.94,0.00,5.97,3.17,0.39,84.787
133,"Camarão,RioGrande,grande,cozido",90.01,18.97,0.00,1.00,0.00,0.00,366.552
134,"Camarão,RioGrande,grande,cru",47.18,9.99,0.00,0.50,0.00,0.00,201.128
135,"Camarão,SeteBarbas,semcabeça,comcasca,frito",231.25,18.39,0.00,15.62,2.88,0.00,99.055
136,Campari1dose(30ml),0.00,0.00,0.00,5.36,8.10,0.00,0.000
137,"Cana,aguardente1",215.66,0.00,0.00,0.00,0.00,0.00,3.146
138,"Cana,caldode",65.34,0.00,0.00,0.00,18.15,0.14,0.000
139,"Canjica,branca,crua",357.60,0.00,7.20,0.97,78.06,5.50,0.790
140,"Canjica,comleiteintegral",112.46,0.00,2.36,1.24,23.63,1.22,27.587
141,"Capuccino,pó",417.41,11.31,0.00,8.63,73.61,2.44,382.287
142,"Caqui,chocolate,cru",71.35,0.00,0.36,0.07,19.33,6.52,2.183
143,"Cará,cozido",77.58,0.00,1.53,0.11,18.85,2.63,1.006
144,"Cará,cru",95.63,0.00,2.28,0.14,22.95,7.27,0.000
145,"Carambola,crua",45.74,0.00,0.87,0.18,11.48,2.03,4.095
146,"Caranguejo,cozido",82.72,18.48,0.00,0.42,0.00,0.00,360.106
147,Carne2ªAssada,0.00,28.00,0.00,7.00,0.00,0.00,0.000
148,CarneSeca,0.00,26.90,0.00,21.90,0.00,0.00,0.000
149,"Carne,bovina,acém,moído,cozido",212.42,26.69,0.00,10.92,0.00,0.00,52.357
150,"Carne,bovina,acém,moído,cru",136.56,19.42,0.00,5.95,0.00,0.00,48.613
151,"Carne,bovina,acém,semgordura,cozido",214.61,27.27,0.00,10.88,0.00,0.00,56.173
152,"Carne,bovina,acém,semgordura,cru",144.03,20.82,0.00,6.11,0.00,0.00,49.847
153,"Carne,bovina,almôndegas,cruas",189.26,12.31,0.00,11.20,9.79,0,621.252
154,"Carne,bovina,almôndegas,fritas",271.81,18.16,0.00,15.78,14.29,0,1030.256
155,"Carne,bovina,bucho,cozido",133.02,21.64,0.00,4.50,0.00,0.00,38.203
156,"Carne,bovina,bucho,cru",137.30,20.53,0.00,5.50,0.00,0.00,45.003
157,"Carne,bovina,capadecontra-filé,comgordura,crua",216.91,19.20,0.00,14.96,0.00,0.00,57.540
158,"Carne,bovina,capadecontra-filé,comgordura,grelhada",311.70,30.69,0.00,20.03,0.00,0.00,80.513
159,"Carne,bovina,capadecontra-filé,semgordura,crua",131.06,21.54,0.00,4.33,0.00,0.00,79.173
160,"Carne,bovina,capadecontra-filé,semgordura,grelhada",239.44,35.06,0.00,9.95,-0.01,0.00,82.750
161,"Carne,bovina,charque,cozido",262.78,36.36,0.00,11.92,0.00,0.00,1442.701
162,"Carne,bovina,charque,cru",248.86,22.71,0.00,16.84,0.00,0.00,5875.029
163,"Carne,bovina,contra-filédecostela,cru",202.44,19.80,0.00,13.07,0.00,0.00,38.523
164,"Carne,bovina,contra-filédecostela,grelhado",274.91,29.88,0.00,16.33,0.00,0.00,50.883
165,"Carne,bovina,contra-filé,àmilanesa",351.59,20.61,0.00,24.00,12.17,0.37,77.093
166,"Carne,bovina,contra-filé,comgordura,cru",205.86,21.15,0.00,12.81,0.00,0.00,44.133
167,"Carne,bovina,contra-filé,comgordura,grelhado",278.05,32.40,0.00,15.49,0.00,0.00,57.067
168,"Carne,bovina,contra-filé,semgordura,cru",156.62,24.00,0.00,6.00,0.00,0.00,52.893
169,"Carne,bovina,contra-filé,semgordura,grelhado",193.69,35.88,0.00,4.49,0.00,0.00,57.510
170,"Carne,bovina,costela,assada",373.04,28.81,0.00,27.72,0.00,0.00,91.860
171,"Carne,bovina,costela,crua",357.72,16.71,0.00,31.75,0.00,0.00,69.997
172,"Carne,bovina,coxãoduro,semgordura,cozido",216.62,31.88,0.00,8.92,0.00,0.00,41.100
173,"Carne,bovina,coxãoduro,semgordura,cru",147.97,21.51,0.00,6.22,0.00,0.00,48.547
174,"Carne,bovina,coxãomole,semgordura,cozido",218.68,32.38,0.00,8.91,0.00,0.00,43.503
175,"Carne,bovina,coxãomole,semgordura,cru",169.07,21.23,0.00,8.69,0.00,0.00,60.533
176,"Carne,bovina,cupim,assado",330.10,28.63,0.00,23.04,0.00,0.00,71.587
177,"Carne,bovina,cupim,cru",221.40,19.54,0.00,15.30,0.00,0.00,46.860
178,"Carne,bovina,fígado,cru",141.05,20.71,0.00,5.36,1.11,0.00,75.920
179,"Carne,bovina,fígado,grelhado",225.03,29.86,0.00,9.01,4.20,0.00,82.190
180,"Carne,bovina,filémingnon,semgordura,cru",142.86,21.60,0.00,5.61,0.00,0.00,48.860
181,"Carne,bovina,filémingnon,semgordura,grelhado",219.70,32.80,0.00,8.83,0.00,0.00,57.907
182,"Carne,bovina,flanco,semgordura,cozido",195.58,29.38,0.00,7.77,0.00,0.00,41.680
183,"Carne,bovina,flanco,semgordura,cru",141.46,20.00,0.00,6.22,0.00,0.00,54.223
184,"Carne,bovina,fraldinha,comgordura,cozida",338.45,24.24,0.00,26.05,0.00,0.00,38.783
185,"Carne,bovina,fraldinha,comgordura,crua",220.72,17.58,0.00,16.15,0.00,0.00,51.200
186,"Carne,bovina,lagarto,cozido",222.47,32.86,0.00,9.11,0.00,0.00,47.543
187,"Carne,bovina,lagarto,cru",134.86,20.54,0.00,5.23,0.00,0.00,53.557
188,"Carne,bovina,língua,cozida",314.90,21.37,0.00,24.80,0.00,0.00,59.063
189,"Carne,bovina,língua,crua",215.25,17.09,0.00,15.77,0.00,0.00,73.050
190,"Carne,bovina,maminha,crua",152.77,20.93,0.00,7.03,0.00,0.00,37.417
191,"Carne,bovina,maminha,grelhada",153.09,30.74,0.00,2.42,0.00,0.00,58.120
192,"Carne,bovina,miolodealcatra,semgordura,cru",162.87,21.61,0.00,7.83,0.00,0.00,43.053
193,"Carne,bovina,miolodealcatra,semgordura,grelhado",241.36,31.93,0.00,11.64,0.00,0.00,51.620
194,"Carne,bovina,músculo,semgordura,cozido",193.80,31.23,0.00,6.70,0.00,0.00,61.790
195,"Carne,bovina,músculo,semgordura,cru",141.58,21.56,0.00,5.49,0.00,0.00,66.080
196,"Carne,bovina,paleta,comgordura,crua",158.71,21.41,0.00,7.46,0.00,0.00,64.900
197,"Carne,bovina,paleta,semgordura,cozida",193.65,29.72,0.00,7.40,0.00,0.00,57.623
198,"Carne,bovina,paleta,semgordura,crua",140.94,21.03,0.00,5.67,0.00,0.00,65.860
199,"Carne,bovina,patinho,semgordura,cru",133.47,21.72,0.00,4.51,0.00,0.00,49.130
200,"Carne,bovina,patinho,semgordura,grelhado",219.26,35.90,0.00,7.31,0.00,0.00,60.293
201,"Carne,bovina,peito,semgordura,cozido",338.47,22.25,0.00,26.99,0.00,0.00,55.707
202,"Carne,bovina,peito,semgordura,cru",259.28,17.56,0.00,20.43,0.00,0.00,63.763
203,"Carne,bovina,picanha,comgordura,crua",212.88,18.82,0.00,14.69,0.00,0.00,37.623
204,"Carne,bovina,picanha,comgordura,grelhada",288.77,26.42,0.00,19.51,0.00,0.00,60.000
205,"Carne,bovina,picanha,semgordura,crua",133.52,21.25,0.00,4.74,0.00,0.00,61.147
206,"Carne,bovina,picanha,semgordura,grelhada",238.47,31.91,0.00,11.33,0.00,0.00,60.657
207,"Carne,bovina,seca,cozida",312.80,26.93,0.00,21.93,0.00,0.00,1943.179
208,"Carne,bovina,seca,crua",312.75,19.66,0.00,25.37,0.00,0.00,4439.550
209,CarréGrelhado,0.00,27.32,0.00,13.92,0.00,0.00,0.000
210,"Caruru,cru",34.03,0.00,3.20,0.59,5.97,4.47,13.665
211,CasquinhaMcDonalds(Unidade),0.00,3.20,0.00,6.20,39.00,0.30,0.000
212,"Castanha-de-caju,torrada,salgada",570.17,0.00,18.51,46.28,29.13,3.66,125.000
213,"Castanha-do-Brasil,crua",642.96,0.00,14.54,63.46,15.08,7.93,0.654
214,"Catalonha,crua",23.89,0.00,1.87,0.28,4.75,2.05,9.394
215,"Catalonha,refogada",63.45,0.00,1.95,4.81,4.81,3.65,24.719
216,CebolaCrua,0.00,0.00,0.92,0.08,10.11,1.40,0.000
217,"Cebola,crua",39.42,0.00,1.71,0.08,8.85,2.19,0.597
218,"Cebolinha,crua",19.52,0.00,1.87,0.35,3.37,3.55,1.603
219,CenouraCozida,0.00,0.00,0.76,0.18,8.22,3.00,0.000
220,CenouraCrua,0.00,0.00,0.93,0.24,9.58,2.80,0.000
221,"Cenoura,cozida",29.86,0.00,0.85,0.22,6.69,2.63,7.881
222,"Cenoura,crua",34.14,0.00,1.32,0.17,7.66,3.18,3.333
223,"Cereais,milho,flocos,comsal",369.60,0.00,7.29,1.60,80.84,5.29,271.738
224,"Cereais,milho,flocos,semsal",363.34,0.00,6.88,1.18,80.45,1.84,30.970
225,"Cereais,mingau,milho,infantil",394.43,0.00,6.43,1.09,87.27,3.21,399.403
226,"Cereais,misturaparavitamina,trigo,cevadaeaveia",381.13,0.00,8.90,2.12,81.62,4.98,1163.257
227,"Cerealmatinal,milho",365.35,0.00,7.16,0.96,83.82,4.12,654.543
228,"Cerealmatinal,milho,açúcar",376.56,0.00,4.74,0.67,88.84,2.11,405.313
229,Cerveja(Latinha375ml),0.00,0.00,2.25,10.57,12.38,0.00,0.000
230,"Cerveja,pilsen2",40.72,0.00,0.56,0.00,3.32,0.00,4.230
231,"Chá,erva-doce,infusão5%",1.40,0.00,0.00,0.00,0.39,0.00,0.625
232,"Chá,mate,infusão5%",2.73,0.00,0.00,0.05,0.64,0.00,0.000
233,"Chá,preto,infusão5%",2.25,0.00,0.00,0.00,0.63,0.00,0.000
234,"Chantilly,spray,comgorduravegetal",314.96,0.00,0.53,27.27,16.86,0.00,109.704
235,"Charuto,derepolho",78.23,0.00,6.78,1.12,10.13,1.46,12.101
236,"Chicória,crua",13.84,0.00,1.14,0.14,2.85,2.20,13.522
237,Choc.NestleMeioAmargo,0.00,6.40,0.00,28.00,56.00,0.00,0.000
238,"Chocolate,aoleite",539.59,0.00,7.22,30.27,59.58,2.17,77.100
239,"Chocolate,aoleite,comcastanhadoPará",558.88,0.00,7.41,34.19,55.38,2.46,64.050
240,"Chocolate,aoleite,dietético",556.82,0.00,6.90,33.77,56.32,2.85,84.708
241,"Chocolate,meioamargo",474.92,0.00,4.86,29.86,62.42,4.94,8.867
242,ChuchuCozido,0.00,0.00,0.62,0.48,5.09,2.80,0.000
243,ChuchuCru,0.00,0.00,0.82,0.13,3.90,1.70,0.000
244,"Chuchu,cozido",18.54,0.00,0.41,0.00,4.79,1.04,1.807
245,"Chuchu,cru",16.98,0.00,0.70,0.06,4.14,1.28,0.000
246,Ciriguela,0.00,0.00,1.40,0.40,18.90,3.90,0.000
247,"Ciriguela,crua",75.59,0.00,1.40,0.36,18.86,3.90,1.682
248,Clara(Unidade),0.00,3.60,0.00,0.00,0.00,0.00,0.000
249,Clight(sachê),0.00,0.00,0.00,0.00,3.30,0.00,0.000
250,Cocadabranca,448.85,0.00,1.12,13.59,81.38,3.57,28.992
251,"Coco,verde,cru",0,0.00,0,0,0,0,0
252,"Coco,águade",21.51,0.00,0.00,0.00,5.28,0.13,1.782
253,"Coco,cru",406.49,0.00,3.69,41.98,10.40,5.38,15.320
254,"Coentro,folhasdesidratadas",309.07,0.00,20.88,10.39,47.96,37.29,18.255
255,Contra-Filé,0.00,28.35,0.00,9.17,0.00,0.00,0.000
256,"Corimba,cru",128.16,17.37,0.00,5.99,-0.03,0.00,47.010
257,"Corimbatá,assado",261.45,19.90,0.00,19.57,0.00,0.00,40.426
258,"Corimbatá,cozido",238.70,20.13,0.00,16.93,0.00,0.00,37.166
259,"Corvinadeáguadoce,crua",101.01,18.92,0.00,2.24,0.00,0.00,45.090
260,"Corvinadomar,crua",94.00,18.57,0.00,1.58,0.00,0.00,67.970
261,"Corvinagrande,assada",146.53,26.77,0.00,3.57,0.00,0.00,85.352
262,"Corvinagrande,cozida",100.08,23.44,0.00,2.56,0.00,0.00,68.390
263,CosteladeBoi,0.00,27.53,0.00,13.20,0.00,0.00,0.000
264,CouveCozida,0.00,0.00,2.11,0.36,4.91,2.80,0.000
265,"Couve,manteiga,crua",27.06,0.00,2.87,0.55,4.33,3.12,6.171
266,"Couve,manteiga,refogada",90.34,0.00,1.67,6.59,8.71,5.74,11.447
267,Couve-FlorCozida,0.00,0.00,1.84,0.45,4.11,2.70,0.000
268,Couve-FlorCrua,0.00,0.00,1.98,0.10,5.30,2.50,0.000
269,"Couve-flor,cozida",19.11,0.00,1.24,0.27,3.88,2.13,1.788
270,"Couve-flor,crua",22.56,0.00,1.91,0.21,4.52,2.35,3.437
271,CoxaFrangocomPele,0.00,25.96,0.00,13.46,0.00,0.00,0.000
272,CoxaFrangosemPele,0.00,28.29,0.00,5.66,0.00,0.00,0.000
273,"Coxinhadefrango,frita",283.05,9.61,0.00,11.84,34.52,4.97,532.129
274,"Cremedearroz,pó",386.00,0.00,7.03,1.23,83.87,1.07,1.030
275,CremedeLeite,221.48,0.00,1.51,22.48,4.51,0.00,51.724
276,CremedeLeite,0.00,3.33,0.00,24.66,4.00,0.00,0.000
277,"Cremedemilho,pó",333.03,0.00,4.82,1.64,86.15,3.72,593.794
278,CremedeRicota,0.00,9.30,0.00,17.70,2.30,0.00,0.000
279,CremedeRicotaGodam,0.00,13.33,0.00,18.00,0.00,0.00,0.000
280,CremedeRicotaLight,0.00,12.30,0.00,9.00,4.00,0.00,0.000
281,"Croquete,decarne,cru",245.77,12.04,0.00,15.56,13.95,0.00,710.637
282,"Croquete,decarne,frito",346.74,16.86,0.00,22.67,18.15,0.00,916.411
283,"Cupuaçu,cru",49.42,0.00,1.16,0.95,10.43,3.12,3.196
284,"Cupuaçu,polpa,congelada",48.80,0.00,0.84,0.59,11.39,1.59,0.689
285,"Curau,milhoverde",78.43,0.00,2.36,1.64,13.94,0.46,20.512
286,"Curau,milhoverde,misturapara",402.29,0.00,2.22,13.37,79.82,2.52,222.926
287,"Cuscuz,demilho,cozidocomsal",113.46,0.00,2.16,0.68,25.28,2.05,247.666
288,"Cuscuz,paulista",142.12,0.00,2.56,4.65,22.51,2.43,235.710
289,"Cuxá,molho",80.09,0.00,5.64,3.59,5.74,3.02,1344.295
290,Dobradinha,124.50,19.77,0.00,4.44,0.00,0.00,28.774
291,"Doce,deabóbora,cremoso",198.94,0.00,0.92,0.21,54.61,2.28,0.000
292,"Doce,deleite,cremoso",306.31,5.48,0.00,5.99,59.49,0.00,120.089
293,"Douradadeáguadoce,fresca",131.21,18.81,0.00,5.64,0.00,0.00,40.298
294,"Empadadefrango,pré-cozida,assada",358.19,6.94,0.00,15.61,47.49,2.16,524.933
295,"Empada,defrango,pré-cozida",377.48,7.34,0.00,22.89,35.53,2.22,770.726
296,ErvilhaemConserva,0.00,0.00,6.46,0.69,15.37,2.52,0.000
297,"Ervilha,emvagem",88.09,0.00,7.45,0.47,14.23,9.72,0.000
298,"Ervilha,enlatada,drenada",73.84,0.00,4.60,0.38,13.44,5.08,372.110
299,Espinafre,0.00,0.00,2.86,0.39,3.63,2.20,0.000
300,"Espinafre,NovaZelândia,cru",16.10,0.00,2.00,0.24,2.57,2.10,17.095
301,"Espinafre,NovaZelândia,refogado",67.25,0.00,2.72,5.43,4.24,2.52,47.024
302,Estrogonofedecarne,173.14,15.03,0.00,10.80,2.98,0.00,122.848
303,Estrogonofedefrango,156.81,17.55,0.00,7.96,2.59,0.00,99.455
304,FarinhadeAveiaQuaker,0.00,0.00,12.80,7.60,66.00,4.60,0.000
305,"Farinha,dearroz,enriquecida",363.06,0.00,1.27,0.30,85.50,0.58,17.102
306,"Farinha,decenteio,integral",335.78,0.00,12.52,1.75,73.30,15.48,41.377
307,"Farinha,demandioca,crua",360.87,0.00,1.55,0.28,87.90,6.39,1.023
308,"Farinha,demandioca,torrada",365.27,0.00,1.23,0.29,89.19,6.54,10.310
309,"Farinha,demesocarpodebabaçu,crua",328.77,0.00,1.41,0.20,79.17,17.86,12.463
310,"Farinha,demilho,amarela",350.59,0.00,7.19,1.47,79.08,5.49,44.932
311,"Farinha,depuba",360.18,0.00,1.62,0.47,87.29,4.24,3.608
312,"Farinha,derosca",370.58,0.00,11.38,1.46,75.79,4.82,332.500
313,"Farinha,detrigo",360.47,0.00,9.79,1.37,75.09,2.35,0.737
314,"Farinha,láctea,decereais",414.85,0.00,11.88,5.79,77.77,1.94,125.073
315,Farofa,0.00,0.00,1.14,9.40,80.00,8.00,0.000
316,"Fécula,demandioca",330.85,0.00,0.52,0.28,81.15,0.65,2.449
317,FeijãoPreto,0.00,0.00,4.80,3.00,13.60,8.50,0.000
318,Feijãotropeiromineiro,151.56,0.00,10.17,6.79,19.58,3.57,365.074
319,"Feijão,broto,cru",38.72,0.00,4.17,0.10,7.76,1.97,1.793
320,"Feijão,carioca,cozido",76.42,0.00,4.78,0.54,13.59,8.51,1.759
321,"Feijão,carioca,cru",329.03,0.00,19.98,1.26,61.22,18.42,0.000
322,"Feijão,fradinho,cozido",78.01,0.00,5.09,0.64,13.50,7.47,0.982
323,"Feijão,fradinho,cru",339.16,0.00,20.21,2.37,61.24,23.59,10.314
324,"Feijão,jalo,cozido",92.74,0.00,6.14,0.51,16.50,13.87,0.520
325,"Feijão,jalo,cru",327.91,0.00,20.10,0.95,61.48,30.32,24.580
326,"Feijão,preto,cozido",77.03,0.00,4.48,0.54,14.01,8.40,1.854
327,"Feijão,preto,cru",323.57,0.00,21.34,1.24,58.75,21.83,0.000
328,"Feijão,rajado,cozido",84.70,0.00,5.54,0.40,15.27,9.32,0.687
329,"Feijão,rajado,cru",325.84,0.00,17.27,1.17,62.93,24.01,13.650
330,"Feijão,rosinha,cozido",67.87,0.00,4.54,0.48,11.82,4.76,2.081
331,"Feijão,rosinha,cru",336.96,0.00,20.92,1.33,62.22,20.63,24.114
332,"Feijão,roxo,cozido",76.89,0.00,5.72,0.54,12.91,11.51,1.457
333,"Feijão,roxo,cru",331.41,0.00,22.17,1.24,59.99,33.84,9.758
334,Feijoada,116.93,8.67,0.00,6.48,11.64,5.09,278.220
335,"Fermentoempó,químico",89.72,0.00,0.48,0.07,43.91,0.00,10052.411
336,"Fermento,biológico,levedura,tablete",89.79,0.00,16.96,1.52,7.70,4.17,39.611
337,"Figo,cru",41.45,0.00,0.97,0.16,10.25,1.79,0.000
338,"Figo,enlatado,emcalda",184.36,0.00,0.56,0.15,50.34,1.98,6.870
339,FrangoFritosemPele,0.00,30.57,0.00,9.12,0.00,0.00,0.000
340,"Frango,asa,compele,crua",213.19,18.10,0.00,15.07,0.00,0.00,96.300
341,"Frango,caipira,inteiro,compele,cozido",242.89,23.88,0.00,15.62,0.00,0.00,56.092
342,"Frango,caipira,inteiro,sempele,cozido",195.76,29.58,0.00,7.70,0.00,0.00,53.243
343,"Frango,comaçafrão",112.78,9.70,0.00,6.17,4.06,0.22,28.812
344,"Frango,coração,cru",221.50,12.58,0.00,18.60,0.00,0.00,95.060
345,"Frango,coração,grelhado",207.27,22.44,0.00,12.10,0.61,0.00,128.242
346,"Frango,coxa,compele,assada",215.12,28.49,0.00,10.36,0.06,0.00,94.842
347,"Frango,coxa,compele,crua",161.47,17.09,0.00,9.81,0.00,0.00,94.957
348,"Frango,coxa,sempele,cozida",167.43,26.86,0.00,5.85,0.00,0.00,64.339
349,"Frango,coxa,sempele,crua",119.95,17.81,0.00,4.86,0.02,0.00,98.367
350,"Frango,fígado,cru",106.48,17.59,0.00,3.49,-0.02,0.00,82.433
351,"Frango,filé,àmilanesa",220.87,28.46,0.00,7.79,7.51,1.13,122.332
352,"Frango,inteiro,compele,cru",226.32,16.44,0.00,17.31,0.00,0.00,62.877
353,"Frango,inteiro,sempele,assado",187.34,28.03,0.00,7.50,0.00,0.00,70.271
354,"Frango,inteiro,sempele,cozido",170.39,24.99,0.00,7.06,0.00,0.00,50.890
355,"Frango,inteiro,sempele,cru",129.10,20.59,0.00,4.57,0.00,0.00,72.960
356,"Frango,peito,compele,assado",211.68,33.42,0.00,7.65,0.00,0.00,55.703
357,"Frango,peito,compele,cru",149.47,20.78,0.00,6.73,0.00,0.00,62.313
358,"Frango,peito,sempele,cozido",162.87,31.47,0.00,3.16,0.00,0.00,36.168
359,"Frango,peito,sempele,cru",119.16,21.53,0.00,3.02,0.00,0.00,56.140
360,"Frango,peito,sempele,grelhado",159.19,32.03,0.00,2.48,0.00,0.00,50.249
361,"Frango,sobrecoxa,compele,assada",259.60,28.70,0.00,15.19,0.00,0.00,95.935
362,"Frango,sobrecoxa,compele,crua",254.53,15.46,0.00,20.90,0.00,0.00,68.267
363,"Frango,sobrecoxa,sempele,assada",232.88,29.18,0.00,12.01,0.00,0.00,106.080
364,"Frango,sobrecoxa,sempele,crua",161.80,17.57,0.00,9.62,0.00,0.00,79.747
365,"Fruta-pão,crua",67.05,0.00,1.08,0.19,17.17,5.55,0.799
366,GelatinaPinaColada,187,0.0,2.6,4.6,33.9,0.0,68.4350625
367,GelatinaSabores,400,16.7,0.0,0.0,83.3,0.0,433.3333333
368,GelatinaSemsabor(12g),0.00,9.60,0.00,0.00,0.00,0.00,0.000
369,"Gelatina,saboresvariados,pó",380.22,0.00,8.89,0.00,89.22,0.00,234.923
370,"Geléia,mocotó,natural",106.09,2.13,0.00,0.07,24.23,0.00,42.680
371,"Gergelim,semente",583.55,0.00,21.16,50.43,21.62,11.87,2.575
372,Glicosedemilho,292.12,0.00,0.00,0.00,79.38,0.00,58.930
373,Goiaba,0.00,0.00,2.55,0.95,14.32,5.40,0.000
374,"Goiaba,branca,comcasca,crua",51.74,0.00,0.90,0.49,12.40,6.33,0.000
375,"Goiaba,doceempasta",268.96,0.00,0.58,0.00,74.12,3.73,3.700
376,"Goiaba,doce,cascão",285.59,0.00,0.41,0.10,78.70,4.37,11.029
377,"Goiaba,vermelha,comcasca,crua",54.17,0.00,1.09,0.44,13.01,6.22,0.000
378,Granola,0.00,0.00,12.50,10.00,62.50,7.50,0.000
379,"Grão-de-bico,cru",354.70,0.00,21.23,5.43,57.88,12.36,5.194
380,"Graviola,crua",61.62,0.00,0.85,0.21,15.84,1.91,4.160
381,"Graviola,polpa,congelada",38.27,0.00,0.57,0.14,9.78,1.19,3.046
382,"Guandu,cru",344.13,0.00,18.96,2.13,64.00,21.31,1.617
383,"Hambúrguer,bovino,cru",214.84,13.16,0.00,16.18,4.15,0,869.459
384,"Hambúrguer,bovino,frito",258.28,19.97,0.00,17.01,6.32,0,1251.801
385,"Hambúrguer,bovino,grelhado",209.83,13.16,0.00,12.43,11.33,0,1090.334
386,InhameCozido,0.00,0.00,1.49,0.14,27.58,3.90,0.000
387,"Inhame,cru",96.70,0.00,2.05,0.21,23.23,1.65,0.000
388,Iog.Nat.Desnat.Bialini,0.00,3.20,0.00,0.25,4.80,0.00,0.000
389,Iog.Nat.IntegralItambé(170g),0.00,8.00,0.00,6.00,10.00,0.00,0.000
390,Iog.Nat.IntegralNestlé(170g),0.00,6.80,0.00,7.00,9.10,0.00,0.000
391,Iog.Nat.IntegralNestlé(170g),0.00,6.80,0.00,7.00,9.10,0.00,0.000
392,"Iogurte,natural",51.49,4.06,0.00,3.04,1.92,0.00,51.616
393,"Iogurte,natural,desnatado",41.49,3.83,0.00,0.32,5.77,0.00,59.645
394,"Iogurte,saborabacaxi",0,0,0.00,0,0,0,0
395,"Iogurte,sabormorango",69.57,2.71,0.00,2.33,9.69,0.22,37.663
396,"Iogurte,saborpêssego",67.85,2.53,0.00,2.34,9.43,0.72,36.964
397,"Jabuticaba,crua",58.05,0.00,0.61,0.13,15.26,2.30,0.000
398,"Jaca,crua",87.92,0.00,1.40,0.27,22.50,2.39,1.802
399,"Jambo,cru",26.91,0.00,0.89,0.07,6.49,5.07,21.656
400,"Jamelão,cru",41.01,0.00,0.55,0.11,10.63,1.78,1.366
401,"Jiló,cru",27.37,0.00,1.40,0.22,6.19,4.83,0.000
402,"Jurubeba,crua",125.81,0.00,4.41,3.91,23.06,23.92,0.771
403,KibeAssado,0.00,13.10,0.00,7.17,15.72,0.00,0.000
404,"Kiwi,cru",51.14,0.00,1.34,0.63,11.50,2.65,0.000
405,"Lambari,congelado,cru",130.84,16.81,0.00,6.55,0.00,0.00,47.920
406,"Lambari,congelado,frito",326.87,28.43,0.00,22.78,0.00,0.00,64.552
407,"Lambari,fresco,cru",151.60,15.65,0.00,9.40,0.00,0.00,41.109
408,Laranja,0.00,0.00,0.94,0.12,11.75,2.40,0.000
409,"Laranja,baía,crua",45.44,0.00,0.98,0.10,11.47,1.12,0.000
410,"Laranja,baía,suco",36.65,0.00,0.65,0.00,8.70,0.00,0.000
411,"Laranja,daterra,crua",51.47,0.00,1.08,0.19,12.86,3.98,0.830
412,"Laranja,daterra,suco",40.96,0.00,0.67,0.14,9.57,1.03,0.000
413,"Laranja,lima,crua",45.70,0.00,1.06,0.08,11.53,1.78,1.111
414,"Laranja,lima,suco",39.34,0.00,0.71,0.12,9.17,0.42,0.000
415,"Laranja,pêra,crua",36.77,0.00,1.04,0.13,8.95,0.77,0.000
416,"Laranja,pêra,suco",32.71,0.00,0.74,0.07,7.55,0.00,0.000
417,"Laranja,valência,crua",46.11,0.00,0.77,0.16,11.72,1.73,0.629
418,"Laranja,valência,suco",36.20,0.00,0.48,0.12,8.55,0.42,0.000
419,LasanhadeFrango,0.00,10.14,0.00,5.55,17.20,1.30,0.000
420,"Lasanha,massafresca,cozida",163.76,0.00,5.81,1.16,32.52,1.64,206.769
421,"Lasanha,massafresca,crua",220.31,0.00,7.01,1.34,45.06,1.61,666.710
422,LeitedeCocoMenina(100ml),0.00,0.00,0.00,7.33,0.00,0.00,0.000
423,LeiteDesnatadoGodam(100ml),0.00,3.00,0.00,0.00,5.00,0.00,0.000
424,LeiteDesnatadoQuatá(100ml),0.00,3.25,0.00,0.00,4.60,0.00,0.000
425,LeiteemPó,0.00,34.00,0.00,0.00,50.00,0.00,0.000
426,"Leite,condensado",312.57,7.67,0.00,6.74,57.00,0.00,93.803
427,"Leite,decabra",66.42,3.07,0.00,3.75,5.25,0.00,73.947
428,"Leite,decoco",166.16,1.01,0.00,18.36,2.19,0.68,44.295
429,"Leite,devaca,achocolatado",82.82,2.10,0.00,2.17,14.16,0.65,71.742
430,"Leite,devaca,desnatado,pó",361.61,34.69,0.00,0.93,53.04,0.00,431.673
431,"Leite,devaca,desnatado,UHT",35.00,3.00,0.00,3.00,5.00,0.00,51.140
432,"Leite,devaca,integral",61.00,4.00,0.00,3.00,5.00,0.00,63.760
433,"Leite,devaca,integral,pó",496.65,25.42,0.00,26.90,39.18,0.00,323.203
434,"Leite,fermentado",69.62,1.89,0.00,0.10,15.67,0.00,33.431
435,"Lentilha,cozida",92.64,0.00,6.31,0.52,16.30,7.86,1.176
436,"Lentilha,crua",339.14,0.00,23.15,0.77,62.00,16.94,0.000
437,Limão,0.00,0.00,0.38,0.00,8.63,0.40,0.000
438,"Limão,cravo,suco",14.10,0.00,0.33,0.00,5.25,0.00,0.000
439,"Limão,galego,suco",22.23,0.00,0.57,0.07,7.32,0.00,0.000
440,"Limão,tahiti,cru",31.82,0.00,0.94,0.14,11.08,1.18,1.248
441,LinguiçaSeara,0.00,19.70,0.00,31.20,1.04,0.00,0.000
442,LinguiçaToscana,0.00,16.60,0.00,12.00,2.80,0.00,0.000
443,"Lingüiça,frango,crua",218.11,14.24,0.00,17.44,0.00,0.00,1125.811
444,"Lingüiça,frango,frita",245.46,18.32,0.00,18.54,0.00,0.00,1373.894
445,"Lingüiça,frango,grelhada",243.66,18.19,0.00,18.40,0.00,0.00,1351.494
446,"Lingüiça,porco,crua",227.20,16.06,0.00,17.58,0.00,0.00,1175.722
447,"Lingüiça,porco,frita",279.54,20.45,0.00,21.31,0.00,0.00,1431.594
448,"Lingüiça,porco,grelhada",296.49,23.17,0.00,21.90,0.00,0.00,1455.860
449,"Linhaça,semente",495.10,14.08,0.00,32.25,43.31,33.50,8.673
450,Lula,0.00,17.00,0.00,3.00,2.00,0.00,0.000
451,Maçã,0.00,0.00,0.26,0.17,13.81,2.40,0.000
452,"Maçã,Argentina,comcasca,crua",62.53,0.00,0.23,0.25,16.59,2.03,1.318
453,"Maçã,Fuji,comcasca,crua",55.52,0.00,0.29,0.00,15.15,1.35,0.000
454,Macarrão,0.00,2.75,2.00,1.47,24.84,1.10,0.000
455,"Macarrão,instantâneo",435.86,0.00,8.79,17.24,62.43,5.61,1515.527
456,"Macarrão,molhobolognesa",119.53,0.00,4.93,0.89,22.52,0.78,8.939
457,"Macarrão,trigo,cru",371.12,0.00,10.00,1.30,77.94,2.93,7.170
458,"Macarrão,trigo,cru,comovos",370.57,0.00,10.32,1.97,76.62,2.30,14.740
459,"Macaúba,crua",404.28,0.00,2.08,40.66,13.95,13.44,0.654
460,Maionese,0.00,0.00,0.00,15.83,0.00,0.00,0.000
461,"Maionese,tradicionalcomovos",302.15,0.00,0.58,30.50,7.90,0.00,786.827
462,"Mamãoverde,doceemcalda,drenado",209.38,0.00,0.32,0.10,57.64,1.23,4.740
463,"Mamão,doceemcalda,drenado",195.63,0.00,0.19,0.07,54.00,1.31,2.914
464,"Mamão,Formosa,cru",45.34,0.00,0.82,0.12,11.55,1.81,3.257
465,"Mamão,Papaia,cru",40.16,0.00,0.46,0.12,10.44,1.04,1.630
466,"Mandioca,cozida",125.36,0.00,0.58,0.30,30.09,1.56,0.907
467,"Mandioca,crua",151.42,0.00,1.13,0.30,36.17,1.88,2.150
468,"Mandioca,farofa,temperada",405.69,0.00,2.06,9.12,80.30,7.82,574.508
469,"Mandioca,frita",300.06,0.00,1.38,11.20,50.25,1.87,8.936
470,Manga,0.00,0.00,0.82,0.38,14.98,1.60,0.000
471,"Manga,Haden,crua",63.50,0.00,0.41,0.26,16.66,1.58,0.551
472,"Manga,Palmer,crua",72.49,0.00,0.41,0.17,19.35,1.63,1.864
473,"Manga,polpa,congelada",48.31,0.00,0.38,0.23,12.52,1.07,6.733
474,"Manga,TommyAtkins,crua",50.69,0.00,0.86,0.22,12.77,2.07,0.000
475,Maniçoba,134.22,0.00,9.96,8.70,3.42,2.16,406.704
476,"Manjericão,cru",21.15,0.00,1.99,0.39,3.64,3.31,3.887
477,"Manjuba,comfarinhadetrigo,frita",343.55,23.45,0.00,22.59,10.24,0.36,36.520
478,"Manjuba,frita",349.33,30.14,0.00,24.46,0.00,0.00,40.610
479,"Manteiga,comsal",725.97,0.41,0.00,82.36,0.06,0.00,578.695
480,"Manteiga,semsal",757.54,0.40,0.00,86.04,0.00,0.00,3.849
481,"Maracujá,cru",68.44,0.00,1.99,2.10,12.26,1.14,1.580
482,"Maracujá,polpa,congelada",38.76,0.00,0.81,0.18,9.60,0.51,8.096
483,"Maracujá,sucoconcentrado,envasado",41.97,0.00,0.77,0.19,9.64,0.35,21.692
484,MargarinaQualy,0.00,0.00,0.00,80.00,0.00,0.00,0.000
485,"Margarina,comóleohidrogenado,comsal(65%delipídeos)",596.12,0.00,0.00,67.43,0.00,0.00,894.039
486,"Margarina,comóleohidrogenado,semsal(80%delipídeos)",722.53,0.00,0.00,81.73,0.00,0.00,77.891
487,"Margarina,comóleointeresterificado,comsal(65%delipídeos)",594.45,0.00,0.00,67.25,0.00,0.00,560.798
488,"Margarina,comóleointeresterificado,semsal(65%delipídeos)",593.14,0.00,0.00,67.10,0.00,0.00,33.194
489,Mariamole,301.24,0.00,3.81,0.19,73.55,0.67,15.309
490,"Mariamole,cocoqueimado",306.63,0.00,3.93,0.09,75.06,0.64,14.287
491,Marisco,0.00,25.55,0.00,1.95,5.13,0.00,0.000
492,Marmelada,257.24,0.00,0.40,0.14,70.76,4.07,10.884
493,"Maxixe,cru",13.75,0.00,1.39,0.07,2.73,2.19,10.993
494,Mel,0.00,0.00,0.00,0.00,82.14,0.00,0.000
495,"Mel,deabelha",309.24,0.00,0.00,0.00,84.03,0.00,6.040
496,Melado,296.51,0.00,0.00,0.00,76.62,0.00,4.010
497,"Melancia,crua",32.61,0.00,0.88,0.00,8.14,0.12,0.000
498,Melão,0.00,0.00,0.54,0.14,9.09,0.80,0.000
499,"Melão,cru",29.37,0.00,0.68,0.00,7.53,0.25,11.167
500,"Merluza,filé,assado",121.91,26.60,0.00,0.92,0.00,0.00,119.949
501,"Merluza,filé,cru",89.13,16.61,0.00,2.02,0.00,0.00,79.503
502,"Merluza,filé,frito",191.63,26.93,0.00,8.50,0.00,0.00,89.961
503,"Mexerica,Murcote,crua",57.59,0.00,0.88,0.13,14.86,3.07,1.167
504,"Mexerica,Rio,crua",36.87,0.00,0.65,0.13,9.34,2.73,1.824
505,MilhoCozido,0.00,0.00,2.23,0.54,19.23,1.00,0.000
506,"Milho,amido,cru",361.37,0.00,0.60,0.00,87.15,0.74,8.083
507,"Milho,fubá,cru",353.48,0.00,7.21,1.90,78.87,4.71,0.000
508,"Milho,verde,cru",138.17,0.00,6.59,0.61,28.56,3.92,1.116
509,"Milho,verde,enlatado,drenado",97.56,0.00,3.23,2.35,17.14,4.64,260.350
510,"Mingautradicional,pó",373.42,0.00,0.58,0.37,89.34,0.88,14.855
511,Miojo(Unid.80g),0.00,7.80,0.00,14.00,51.00,1.60,0.000
512,Molho“Barbikiu”,0.00,0.00,0.00,0.00,30.00,0.00,0.000
513,MolhodeTomate,0.00,0.00,0.00,0.00,5.00,1.50,0.000
514,Morango,0.00,0.00,0.67,0.30,7.68,2.00,0.000
515,"Morango,cru",30.15,0.00,0.89,0.31,6.82,1.72,0.000
516,Mortadela,268.82,11.95,0.00,21.65,5.82,0.00,1212.167
517,Mortadela,0.00,14.00,0.00,20.00,5.00,0.00,0.000
518,"Mostarda,folha,crua",18.11,0.00,2.11,0.17,3.24,1.89,2.879
519,"Nabo,cru",18.19,0.00,1.20,0.05,4.15,2.64,2.460
520,NesfitMixPacote(21g),0.00,1.15,1.15,3.60,13.00,1.50,0.000
521,"Nêspera,crua",42.54,0.00,0.31,0.00,11.53,2.96,0.000
522,"Nhoque,batata,cozido",180.78,0.00,5.86,1.94,36.78,1.78,7.068
523,"Noz,crua",620.06,0.00,13.97,59.36,18.36,7.25,4.571
524,Nutella,0.00,0.00,6.00,31.50,55.00,3.00,0.000
525,"Óleo,debabaçu",884.00,0.00,0.00,100.00,0.00,0.00,0.000
526,"Óleo,decanola",884.00,0.00,0.00,100.00,0.00,0.00,0.000
527,"Óleo,degirassol",884.00,0.00,0.00,100.00,0.00,0.00,0.000
528,"Óleo,demilho",884.00,0.00,0.00,100.00,0.00,0.00,0.000
529,"Óleo,depequi",884.00,0.00,0.00,100.00,0.00,0.00,0.000
530,"Óleo,desoja",884.00,0.00,0.00,100.00,0.00,0.00,0.000
531,"Omelete,dequeijo",268.01,15.57,0.00,22.01,0.44,0.00,216.051
532,Ovo(Unidade+/-55g),0.00,6.30,0.00,5.30,0.00,0.00,0.000
533,"Ovo,decodorna,inteiro,cru",176.89,13.69,0.00,12.68,0.77,0.00,128.987
534,"Ovo,degalinha,clara,cozida/10minutos",59.44,13.45,0.00,0.09,0.00,0.00,180.538
535,"Ovo,degalinha,gema,cozida/10minutos",352.67,15.90,0.00,30.78,1.56,0.00,44.909
536,"Ovo,degalinha,inteiro,cozido/10minutos",145.70,13.29,0.00,9.48,0.61,0.00,145.901
537,"Ovo,degalinha,inteiro,cru",143.11,13.03,0.00,8.90,1.64,0.00,167.910
538,"Ovo,degalinha,inteiro,frito",240.19,15.62,0.00,18.59,1.19,0.00,166.112
539,PaçocaCaseira,617,0.0,27.2,43.9,20.3,8.0,0
540,PaçocaKukita-1unid=16g,494,0.0,12.5,18.8,62.5,6.3,0.000
541,"Paçoca,amendoim",486.93,0.00,16.00,26.08,52.38,7.32,166.841
542,"Palmito,juçara,emconserva",23.20,0.00,1.79,0.40,4.33,3.15,513.820
543,"Palmito,pupunha,emconserva",29.43,0.00,2.46,0.45,5.51,2.55,562.685
544,"Pamonha,barraparacozimento,pré-cozida",171.22,0.00,2.55,4.85,30.68,2.37,131.993
545,PãoBranco,0.00,4.30,4.30,2.00,52.00,2.60,0.000
546,PãoCenoura,0.00,6.10,6.10,1.60,42.00,5.00,0.000
547,PãodeCachorroQuente,0.00,2.30,2.30,1.60,44.00,1.60,0.000
548,PãodeLeite,0.00,2.10,2.10,1.42,40.00,1.54,0.000
549,PãoFrancês(Unid.50g),0.00,2.40,2.00,1.50,25.95,1.50,0.000
550,PãoHot-DogTrigoVita,0.00,2.30,2.30,1.60,44.00,16.00,0.000
551,PãoWickboldAveia,0.00,5.60,5.60,1.40,44.00,4.20,0.000
552,"Pão,aveia,forma",343.09,0.00,12.35,5.69,59.57,5.98,605.763
553,"Pão,dequeijo,assado",363.08,0.00,5.12,24.57,34.24,0.56,773.493
554,"Pão,dequeijo,cru",294.54,0.00,3.65,13.99,38.51,0.98,404.994
555,"Pão,desoja",308.73,0.00,11.34,3.58,56.51,5.71,662.541
556,"Pão,glúten,forma",252.99,0.00,11.95,2.73,44.12,2.48,22.045
557,"Pão,milho,forma",292.01,0.00,8.30,3.11,56.40,4.30,506.644
558,"Pão,trigo,forma,integral",253.19,0.00,9.43,3.65,49.94,6.88,506.103
559,"Pão,trigo,francês",299.81,0.00,7.95,3.10,58.65,2.31,647.673
560,"Pão,trigo,sovado",310.96,0.00,8.40,2.84,61.45,2.43,430.792
561,"Pastel,decarne,cru",288.70,10.74,0.00,8.79,42.02,1.04,1309.265
562,"Pastel,decarne,frito",388.37,10.10,0.00,20.14,43.77,0.99,1039.889
563,"Pastel,dequeijo,cru",308.47,9.85,0.00,9.63,45.95,1.11,984.570
564,"Pastel,dequeijo,frito",422.11,8.71,0.00,22.67,48.13,0.94,821.382
565,"Pastel,massa,crua",310.20,0.00,6.90,5.48,57.38,1.41,1344.201
566,"Pastel,massa,frita",569.67,0.00,6.02,40.86,49.34,1.31,1174.667
567,Patinho,0.00,30.00,0.00,7.30,0.00,0.00,0.000
568,"Pé-de-moleque,amendoim",503.19,0.00,13.16,28.05,54.73,3.39,16.345
569,PeitodeFrango,0.00,28.04,0.00,3.57,0.00,0.00,0.000
570,PeitodePeru,107.00,20.00,0.00,2.00,2.00,0.00,0.000
571,PeitodePeru,0.00,24.00,0.00,2.00,0.00,0.00,0.000
572,PeixeEnsopado/Cozido,0.00,28.60,0.00,6.00,0.00,0.00,0.000
573,PeixeFrito,0.00,23.00,0.00,8.40,1.70,0.00,0.000
574,Pepino,0.00,0.00,0.65,0.11,3.63,0.50,0.000
575,"Pepino,cru",9.53,0.00,0.87,0.00,2.04,1.12,0.000
576,"Pequi,cru",204.97,0.00,2.34,17.97,12.97,19.04,0.000
577,Pera,0.00,0.00,0.60,0.10,14.00,3.00,0.000
578,"Pêra,Park,crua",60.59,0.00,0.24,0.23,16.07,2.98,0.982
579,"Pêra,Williams,crua",53.31,0.00,0.57,0.11,14.02,3.01,0.000
580,PernildePorco,0.00,29.41,0.00,9.44,0.00,0.00,0.000
581,"Peru,congelado,assado",163.07,26.20,0.00,5.68,0.00,0.00,627.876
582,"Peru,congelado,cru",93.72,18.08,0.00,1.83,0.00,0.00,710.683
583,"Pescada,branca,crua",110.88,16.26,0.00,4.59,0.00,0.00,76.167
584,"Pescada,branca,frita",223.04,27.36,0.00,11.78,0.00,0.00,107.233
585,"Pescada,filé,comfarinhadetrigo,frito",283.43,21.44,0.00,19.12,5.03,0.00,90.507
586,"Pescada,filé,cru",107.21,16.65,0.00,4.00,0.00,0.00,77.497
587,"Pescada,filé,frito",154.27,28.59,0.00,3.57,0.00,0.00,114.905
588,"Pescada,filé,molhoescabeche",141.96,11.75,0.00,8.02,5.02,0.78,51.288
589,"Pescadinha,crua",76.41,15.48,0.00,1.14,0.00,0.00,120.339
590,"Pêssego,Aurora,cru",36.33,0.00,0.83,0.00,9.32,1.42,0.000
591,"Pêssego,enlatado,emcalda",63.14,0.00,0.71,0.00,16.88,1.02,3.201
592,PimentãoVerde,0.00,0.00,0.86,0.17,4.64,1.70,0.000
593,"Pimentão,amarelo,cru",27.93,0.00,1.22,0.44,5.96,1.92,0.000
594,"Pimentão,verde,cru",21.29,0.00,1.05,0.15,4.89,2.56,0.000
595,"Pimentão,vermelho,cru",23.28,0.00,1.04,0.15,5.47,1.59,0.000
596,"Pinha,crua",88.47,0.00,1.49,0.32,22.45,3.36,1.337
597,"Pinhão,cozido",174.37,0.00,2.98,0.75,43.92,15.60,0.863
598,"Pintado,assado",191.56,36.45,0.00,3.98,0.00,0.00,80.953
599,"Pintado,cru",91.08,18.56,0.00,1.31,0.00,0.00,43.337
600,"Pintado,grelhado",152.19,30.80,0.00,2.29,0.00,0.00,53.089
601,PipocaGranfino,0.00,0.00,12.00,0.00,68.00,8.00,0.000
602,"Pipoca,comóleodesoja,semsal",448.33,0.00,9.93,15.94,70.31,14.34,4.320
603,Pirão,0.00,0.00,4.07,4.49,13.42,1.00,0.000
604,"Pitanga,crua",41.42,0.00,0.93,0.17,10.24,3.24,1.704
605,"Pitanga,polpa,congelada",19.11,0.00,0.29,0.12,4.76,0.74,5.029
606,Pizzamercado,0.00,11.21,0.00,15.20,28.51,2.20,0.000
607,"Polenta,pré-cozida",102.74,0.00,2.29,0.30,23.31,2.40,441.889
608,"Polvilho,doce",351.23,0.00,0.43,0.00,86.77,0.24,1.577
609,"Porco,bisteca,crua",164.12,21.50,0.00,8.02,0.00,0.00,54.290
610,"Porco,bisteca,frita",311.17,33.75,0.00,18.52,0.00,0.00,63.027
611,"Porco,bisteca,grelhada",280.08,28.89,0.00,17.38,0.00,0.00,51.445
612,"Porco,costela,assada",402.17,30.22,0.00,30.28,0.00,0.00,62.679
613,"Porco,costela,crua",255.61,18.00,0.00,19.82,0.00,0.00,87.982
614,"Porco,lombo,assado",210.23,35.73,0.00,6.40,0.00,0.00,38.924
615,"Porco,lombo,cru",175.63,22.60,0.00,8.77,0.00,0.00,53.068
616,"Porco,orelha,salgada,crua",258.49,18.52,0.00,19.89,0.00,0.00,615.602
617,"Porco,pernil,assado",262.26,32.13,0.00,13.86,0.00,0.00,62.406
618,"Porco,pernil,cru",186.06,20.13,0.00,11.10,0.00,0.00,101.893
619,"Porco,rabo,salgado,cru",377.42,15.58,0.00,34.47,0.00,0.00,1157.665
620,"Porquinho,cru",93.02,20.49,0.00,0.61,0.00,0.00,66.730
621,Presunto,0.00,20.00,0.00,29.00,0.00,0.00,0.000
622,"Presunto,comcapadegordura",127.85,14.37,0.00,6.77,1.40,0.00,1020.772
623,"Presunto,semcapadegordura",93.74,14.29,0.00,2.71,2.15,0.00,1039.185
624,"Pupunha,cozida",218.53,0.00,2.52,12.76,29.57,4.25,0.909
625,PurêdeBatata,0.00,1.94,0.00,4.32,15.95,0.98,0.000
626,QueijoCheddar,0.00,25.00,0.00,33.00,1.00,0.00,0.000
627,QueijoCottagePortoAleg.,0.00,10.20,0.00,5.00,2.00,0.00,0.000
628,QueijoMinasFrescal,0.00,20.00,0.00,26.66,3.33,0.00,0.000
629,QueijoMussarela,0.00,23.33,0.00,26.67,0.00,0.00,0.000
630,QueijoParmesãoRegina,0.00,40.00,0.00,32.00,9.00,0.00,0.000
631,QueijoPratoLancheQuatá,0.00,26.67,0.00,30.00,0.00,0.00,0.000
632,QueijoRicotaBialini,0.00,11.33,0.00,13.00,3.00,0.00,0.000
633,QueijoRicotaCBR,0.00,9.60,0.00,9.60,3.20,0.00,0.000
634,QueijoRicotaGodam,0.00,22.33,0.00,16.66,0.00,0.00,0.000
635,"Queijo,minas,frescal",264.27,17.41,0.00,20.18,3.24,0.00,31.226
636,"Queijo,minas,meiacura",320.72,21.21,0.00,24.61,3.57,0.00,501.166
637,"Queijo,mozarela",329.87,22.65,0.00,25.18,3.05,0.00,581.357
638,"Queijo,parmesão",452.96,35.55,0.00,33.53,1.66,0.00,1844.081
639,"Queijo,Parmesão,ReliquiaCanastra",481,37.0,0.0,37.0,0.0,0.0,0.000
640,"Queijo,pasteurizado",303.08,9.36,0.00,27.44,5.68,0.00,780.426
641,"Queijo,petitsuisse,morango",121.11,5.79,0.00,2.84,18.46,0.00,412.469
642,"Queijo,prato",359.88,22.66,0.00,29.11,1.88,0.00,579.774
643,"Queijo,requeijão,cremoso",256.58,9.63,0.00,23.44,2.43,0.00,557.925
644,"Queijo,ricota",139.73,12.60,0.00,8.11,3.79,0.00,282.579
645,"Quiabo,cru",29.94,0.00,1.92,0.30,6.37,4.55,0.891
646,"Quibe,assado",136.23,14.59,0.00,2.68,12.86,1.90,39.893
647,"Quibe,cru",109.49,12.35,0.00,1.67,10.77,1.65,38.766
648,"Quibe,frito",253.83,14.89,0.00,15.80,12.34,0.00,835.825
649,Quibebe,86.35,0.00,8.56,2.67,6.64,1.67,246.614
650,Quindim,411.35,4.74,0.00,24.43,46.30,3.22,27.366
651,"Rabanete,cru",13.74,0.00,1.39,0.07,2.73,2.19,10.993
652,Rap10,0.00,6.50,0.00,2.00,45.00,10.00,0.000
653,Rapadura,351.96,0.00,0.99,0.07,90.79,0.00,21.711
654,"Refrigerante,tipoáguatônica",30.78,0.00,0.00,0.00,7.95,0.00,8.290
655,"Refrigerante,tipocola",33.51,0.00,0.00,0.00,8.66,0.00,7.119
656,"Refrigerante,tipoguaraná",38.70,0.00,0.00,0.00,10.00,0.00,9.010
657,"Refrigerante,tipolaranja",45.63,0.00,0.00,0.00,11.79,0.00,9.272
658,"Refrigerante,tipolimão",39.72,0.00,0.00,0.00,10.26,0.00,8.803
659,RepolhoCozido,0.00,0.00,1.02,0.43,4.46,1.90,0.000
660,RepolhoCru,0.00,0.00,1.44,0.12,5.58,2.30,0.000
661,"Repolho,branco,cru",17.12,0.00,0.88,0.14,3.86,1.89,3.643
662,"Repolho,roxo,cru",30.91,0.00,1.91,0.06,7.20,1.97,2.338
663,"Repolho,roxo,refogado",41.77,0.00,1.80,1.24,7.56,1.75,3.417
664,RequeijãoBialini,0.00,12.33,0.00,23.00,0.00,0.00,0.000
665,"Romã,crua",55.74,0.00,0.40,0.00,15.11,0.44,0.591
666,Rosq.BananaeCanela,0.00,5.67,0.00,11.67,73.33,2.00,0.000
667,RosquinhaAveiaeMel,0.00,0.00,8.67,16.00,66.67,3.33,0.000
668,"Rúcula,crua",13.13,0.00,1.77,0.11,2.22,1.74,9.418
669,"Sal,dietético",0.00,0.00,0.00,0.00,0.00,0.00,23431.522
670,"Sal,grosso",0.00,0.00,0.00,0.00,0.00,0.00,39943.203
671,SaladaRicadoRonaldo,190,0.0,2.4,16.4,6.1,2.2,2.496282828
672,"Salada,delegumes,commaionese",96.10,0.00,1.05,7.04,8.92,2.22,228.426
673,"Salada,delegumes,cozidanovapor",35.41,0.00,2.01,0.31,7.09,2.51,2.510
674,Salame,397.84,25.81,0.00,30.64,2.91,0.00,1574.169
675,"Salmão,filé,compele,fresco,grelhado",228.73,23.92,0.00,14.04,0.00,0.00,85.135
676,"Salmão,sempele,fresco,cru",169.78,19.25,0.00,9.71,0.00,0.00,64.242
677,"Salmão,sempele,fresco,grelhado",242.71,26.14,0.00,14.53,0.00,0.00,95.811
678,"Salpicão,defrango",147.86,13.93,0.00,7.84,4.57,0.41,248.346
679,"Salsa,crua",33.42,0.00,3.26,0.61,5.71,1.85,2.300
680,Salsicha,0.00,13.60,0.00,60.00,16.67,0.00,0.000
681,Sarapatel,122.98,18.47,0.00,4.42,1.09,0.00,215.623
682,"Sardinha,assada",164.35,32.18,0.00,2.99,0.00,0.00,74.468
683,"Sardinha,conservaemóleo",284.98,15.94,0.00,24.05,0.00,0.00,665.840
684,"Sardinha,frita",257.04,33.38,0.00,12.69,0.00,0.00,60.099
685,"Sardinha,inteira,crua",113.90,21.08,0.00,2.65,0.00,0.00,60.387
686,"Seletadelegumes,enlatada",56.53,0.00,3.42,0.35,12.67,3.09,398.137
687,Sequilho,0.00,0.00,0.00,9.33,73.33,0.00,0.000
688,"Serralha,crua",30.40,0.00,2.67,0.74,4.95,3.52,19.347
689,Shoyu,60.93,0.00,3.31,0.33,11.65,0.00,5024.208
690,SmirnoffIce(1garrafinha),0.00,0.00,0.00,9.86,25.00,0.00,0.000
691,"Soja,extratosolúvel,natural,fluido",39.10,0.00,2.38,1.61,4.28,0.37,56.528
692,"Soja,extratosolúvel,pó",458.90,0.00,35.69,26.18,28.48,7.31,83.471
693,"Soja,farinha",403.96,0.00,36.03,14.63,38.44,20.18,5.754
694,"Soja,queijo(tofu)",64.49,0.00,6.55,3.95,2.13,0.75,1.214
695,Sopão,0.00,1.00,0.00,1.00,10.00,0.00,0.000
696,SorveteFlocos,0.00,2.67,0.00,9.17,26.67,0.00,0.000
697,SorveteLaFrutaKibom,0.00,0.00,0.00,0.00,28.33,0.00,0.000
698,StrogonoffdeCarne,0.00,6.36,0.00,3.33,13.33,0.00,0.000
699,Tabule,57.45,0.00,2.05,1.21,10.58,2.08,1.192
700,Tacacá,46.89,0.00,6.96,0.36,3.39,0.21,1349.063
701,"Taioba,crua",34.21,0.00,2.90,0.93,5.43,4.45,1.161
702,"Tamarindo,cru",275.70,0.00,3.21,0.46,72.53,6.45,0.355
703,Tangerina,0.00,0.00,0.81,0.31,13.34,1.80,0.000
704,"Tangerina,Poncã,crua",37.83,0.00,0.85,0.07,9.61,0.94,0.000
705,"Tangerina,Poncã,suco",36.11,0.00,0.52,0.00,8.80,0.00,0.000
706,"Tapioca,commanteiga",347.83,0.00,0.09,10.91,63.59,0.00,157.524
707,Temperoabasedesal,21.33,0.00,2.67,0.26,2.07,0.56,32560.000
708,Toddy,0.00,0.00,0.00,0.00,90.00,0.00,0.000
709,TomateCru,0.00,0.00,0.88,0.20,3.92,1.20,0.000
710,"Tomate,comsemente,cru",15.34,0.00,1.10,0.17,3.14,1.17,1.020
711,"Tomate,extrato",60.93,0.00,2.43,0.19,14.96,2.80,497.933
712,"Tomate,molhoindustrializado",38.45,0.00,1.38,0.90,7.71,3.12,418.281
713,"Tomate,purê",27.94,0.00,1.36,0.00,6.89,1.03,103.930
714,"Tomate,salada",20.55,0.00,0.81,0.00,5.12,2.27,5.243
715,"Torrada,pãofrancês",377.42,0.00,10.52,3.30,74.56,3.40,829.492
716,"Toucinho,cru",592.53,11.48,0.00,60.26,0.00,0.00,49.587
717,"Toucinho,frito",696.56,27.28,0.00,64.31,0.00,0.00,124.850
718,"Tremoço,cru",381.28,0.00,33.58,10.34,43.79,32.31,3.291
719,"Tremoço,emconserva",120.64,0.00,11.11,3.78,12.39,14.44,1808.758
720,"Tucumã,cru",262.02,0.00,2.09,19.08,26.47,12.65,3.893
721,"Tucunaré,filé,congelado,cru",87.69,17.96,0.00,1.22,-0.05,0.00,56.554
722,"Tucupi,compimenta-de-cheiro",27.18,0.00,2.06,0.28,4.74,0.23,5.131
723,"Umbu,cru",37.02,0.00,0.84,0.00,9.40,1.98,0.000
724,"Umbu,polpa,congelada",33.94,0.00,0.51,0.07,8.79,1.34,5.771
725,Uva,0.00,0.00,0.72,0.16,18.10,0.90,0.000
726,UvaPassas,0.00,0.00,3.07,0.46,79.18,3.70,0.000
727,"Uva,Itália,crua",52.87,0.00,0.75,0.20,13.57,0.92,0.000
728,"Uva,Rubi,crua",49.06,0.00,0.61,0.16,12.70,0.93,7.919
729,"Uva,sucoconcentrado,envasado",57.66,0.00,0.00,0.00,14.71,0.23,9.583
730,Vacaatolada,144.90,5.12,0.00,9.32,10.06,2.34,25.634
731,VagemCozida,0.00,0.00,3.27,0.23,7.05,2.80,0.000
732,"Vagem,crua",24.90,0.00,1.79,0.17,5.35,2.38,0.000
733,Vatapá,254.89,0.00,6.00,23.23,9.75,1.70,879.851
734,Vinagrete,0.00,0.90,0.00,6.00,6.33,1.20,0.000
735,Viradoàpaulista,306.95,0.00,10.18,25.59,14.11,2.16,345.526
736,"Vodka(1dose,42g)",0.00,0.00,0.00,10.96,0.00,0.00,0.000
737,Wheyprotein,386,65.0,0.0,4.0,22.5,0.0,147.5
738,Yakisoba,112.80,0.00,7.52,2.61,18.25,1.06,793.762
739,PanquecadeBanana,138.60,5.07,0.71,3.30,17.55,3.91,0.00
740,Canelaempó,199.8,0.0,3.3,10.0,69.9,46.6,0
741,cacauempó,270,0.0,0.0,0.0,0.0,0.0,0
742,Wheyproteingroth,383,75.9,0.0,0.0,0.0,0.0,174.9
743,Tapioca,240,0.0,3.2,0.0,54.0,0.0,0
744,Crepioca,182.41,9.14,1.50,3.97,26.03,0.00,75.27
745,Creatina,0,0,0,0,0,0,0
746,Margarina,765.00,0.00,0.00,85.00,0.00,0.00,690.00
747,Oléodesoja,1080.00,0.00,0.00,120.00,0.00,0.00,0.00
748,Glutamina,400,100.0,0.0,0.0,0.0,0.0,0
